Category	Term	Count	Percent	PValue	Genes	ListTotal	PopHits	PopTotal	FoldEnrichment	Bonferroni	Benjamini	FDR	ES
GOTERM_BP_ALL	blood vessel development	105	4.069767442	0.003590093	"SPARC, SERPINE1, AHR, RBPJ, CDH5, NDST1, LGALS3, ANPEP, HOXA1, QK, JUNB, EPHB4, EPHB3, FBXW8, PRKCB, FOXH1, VASH1, LEMD3, SFRP2, COL4A2, COL4A1, PRKD2, PLPP3, NOTCH2, CUL7, DLX3, CHRNA7, PDGFB, FOXO4, HIF1A, FOXO1, MTDH, PPP3R1, PDCD10, APOE, PLCG1, NKX2-5, SRPK2, NUS1, JUN, JAG1, ZBTB14, GLMN, PDE2A, FZD8, SMAD5, SMARCA4, NFATC4, SMAD7, EFNA1, BMP4, MFSD7B, CXCL12, PTK7, FGFR1, NFE2L2, CITED2, PDE3B, PTEN, CHM, FOXM1, TEAD2, NKX3-1, MKL2, TNFRSF12A, SPHK2, NCOA6, KIF7, SIRT1, TGFBR1, VAV2, TNFRSF1A, RASA1, ITGA5, HBEGF, HDAC5, LRP1, SEMA3C, ROCK1, LRP5, PTN, HDAC9, HDAC7, GNA13, CDC42, MAPK1, HES1, WASF2, E2F7, SASH1, JAM3, NTRK2, SEC24B, ZFP950, C1GALT1, VEGFB, DAB2IP, VEGFC, SYNJ2BP, GATAD2A, HIPK2, KLF5, SNX17, PNPLA6, NAA15"	2277	641	18082	1.300812507	1	0.066522778	0.063333936	
GOTERM_BP_ALL	embryo development	207	8.023255814	1.03E-07	"PGAP1, SCT, KEAP1, RBPJ, NDST1, FRAT1, ZFP281, MYC, CHEK1, MYB, HOXA1, JUNB, CER1, MBNL1, FOXH1, KRT8, HUS1, ACSL4, MAPK8IP3, SFRP2, KIF20B, PLPP3, FOXG1, PDGFB, TWIST1, BCL10, HIF1A, TTPA, PLCG1, NKX2-5, VASP, FZD2, INTS1, SMARCA5, CTS7, SMARCA4, EXT1, EXT2, PTK7, ID3, ATM, GTF2IRD1, CDKN1C, TOP2A, ELL, TENM4, CITED2, NCAPG2, BRCA2, N4BP2L2, MED12, NIPBL, CC2D2A, GABPA, TEAD2, NDEL1, TEAD4, NCOA6, HSBP1, NCOA3, TFEB, TET1, ZFX, TERF2, NCOR2, RIPPLY1, ENAH, UGDH, PAX8, MMP16, MMP15, CKS2, G2E3, MDFI, HBEGF, CRB2, COL11A1, AI597479, RXRB, HSF1, MFN2, MSX1, PCNT, SF3B1, BRD4, ARNT2, USP9X, RPA1, VEGFC, GATAD2A, HIPK2, XAB2, CR1L, APBA3, LIMS1, ZFP568, PHLDB1, ZFAND5, AHR, POFUT2, COL4A3BP, CDH1, SALL4, NBN, MEN1, ZFP335, FBXW8, TSC2, SLC30A1, THOC2, VASH1, FOXP4, CCNB1IP1, DISP1, COL4A2, FKBP8, SIDT2, NOTCH2, KMT2D, RNASEH2B, DNMT1, KMT2A, ANKRD11, CUL3, CHRD, SLC9A1, BAG6, EFNB1, CCNB1, DEAF1, DVL1, DVL3, E4F1, OTX2, SKIL, ZBTB18, ZBTB17, ZFP358, POU2F1, HSPA5, GLMN, EIF2S2, SMAD5, HOPX, EFNA1, BMP4, AHI1, MFSD7B, SP1, LHX2, SP3, CNOT3, PLXNB2, SP8, TCF3, FGFR1, TRIM71, LDB1, ECE1, CDC73, HS2ST1, CKS1B, ZIC2, ZIC3, SIX2, ZIC1, HORMAD1, CEP290, NKX3-1, KDM6A, MKL2, KDM6B, DNMT3A, AXIN1, AXIN2, EPN1, TGFBR1, IMPAD1, RASA1, ITGA5, SHANK3, CCDC40, CEBPB, SEMA3C, SRSF1, LRP5, SEMA3F, RNF2, GNA13, STOX2, HLX, TRA2B, GNA12, VPS52, LRIG1, MAPK1, HES1, SH2B3, BUB1, E2F7, MAPK3, SEC24B, KDM4C, TAF10, ACVR2A, SLC4A8, SSBP3"	2277	1161	18082	1.415864067	9.29E-04	5.74E-06	5.46E-06	
GOTERM_BP_ALL	embryonic organ development	77	2.984496124	0.035454617	"CDKN1C, ZFP568, LDB1, CITED2, SCT, AHR, RBPJ, MED12, NDST1, NIPBL, ZIC3, MYC, SIX2, MYB, ZIC1, HOXA1, CC2D2A, CEP290, JUNB, TEAD2, MEN1, KDM6A, MKL2, FBXW8, NCOA6, NCOA3, FOXH1, TFEB, KRT8, AXIN1, VASH1, EPN1, TGFBR1, PAX8, MMP16, MDFI, CCDC40, CRB2, NOTCH2, CEBPB, KMT2A, COL11A1, FOXG1, PDGFB, TWIST1, HIF1A, HLX, TTPA, TRA2B, HSF1, VPS52, DVL1, LRIG1, MAPK1, DVL3, HES1, OTX2, MSX1, NKX2-5, PCNT, SH2B3, E2F7, MAPK3, SEC24B, FZD2, CTS7, HIPK2, SMARCA4, EFNA1, BMP4, AHI1, MFSD7B, PTK7, SP1, SP3, ID3, FGFR1"	2277	494	18082	1.237790686	1	0.366286209	0.348727882	
GOTERM_BP_ALL	brain development	131	5.07751938	5.51E-05	"APP, PGAP1, SCT, IRS2, RBPJ, CELSR2, ACTB, NDST1, SOX3, CDH1, BASP1, MYC, HOXA1, EPHB3, MEN1, EPHA7, SZT2, ZFP335, SMARCC2, MAP1S, MAPK8IP3, COL4A1, ATP6V0D1, CUL5, UBA6, ARL6, FOXG1, CHRD, HTRA2, HIF1A, PCDH18, BAG6, BAG3, BTBD3, ABL1, DVL3, OTX2, CCDC141, ZBTB18, SYT4, ZFHX3, CADM1, HSPA5, H3F3A, XRCC1, HPRT, SMARCA4, BMP4, EXT1, AHI1, HNRNPK, DAB1, CXCL12, CDK5, LHX2, DLG5, HNRNPD, PLXNB2, CNTN2, ATM, FAT4, FGF13, FGFR3, FGFR1, RERE, YWHAE, ARF4, CNTNAP2, LDB1, LRRK2, PTEN, SMG9, BRCA2, PPP1R9B, NIPBL, YWHAQ, CRTAC1, ZIC1, SDF4, CEP290, NDEL1, KDM6B, MKL2, HMGCS1, SPHK2, NCOA6, MKL1, SHROOM2, AXIN1, SIRT2, PTBP2, NCOR2, GAK, ASPM, CREB1, TAL2, B3GNT5, NDUFS4, SHANK3, GAS8, NAPA, LRP1, PTN, CLN5, CDC42, PAK1, PTCHD1, CCDC85C, TRA2B, NTF3, SLITRK5, HES1, MSX1, PCNT, NTRK2, ARNT2, SEC24B, USP9X, UTP3, MBOAT7, DAB2IP, ATP2B1, VAX1, PEX13, XAB2, NIN, FABP7, KRAS, RAD1, SSBP3, RAN"	2277	745	18082	1.396363401	0.391208185	0.001778531	0.001693275	
GOTERM_BP_ALL	heart development	108	4.186046512	1.28E-04	"ATF2, SPARC, AHR, RBPJ, FGFRL1, NDST1, COL4A3BP, SALL4, EPHB4, CER1, PSKH1, MAP2K2, CXADR, FOXH1, TSC2, FOXP4, LEMD2, SFRP2, MATR3, ALPK3, NOTCH2, PDGFB, TWIST1, HIF1A, SLC9A1, PPP3R1, CCNB1, SMYD2, DVL3, NKX2-5, JUN, JAG1, FZD2, ZBTB14, PDE2A, HOPX, SMARCA4, NFATC4, SMAD7, EFNA1, BMP4, AHI1, PTK7, ID3, CPE, MDM4, ATM, CALR, FAT4, EIF4G2, FGFR1, TENM4, CITED2, PTEN, ECE1, MED12, NIPBL, PPP3CB, ZIC3, CASP3, CC2D2A, CEP290, TEAD2, KDM6A, NKX3-1, KDM6B, DSP, MKL2, NCOA6, GAA, CAD, CACYBP, AXIN2, BAZ1B, KIF7, 1190002N15RIK, TGFBR1, NCOR2, CREB1, PPARG, CCDC40, HDAC5, SMARCD3, LRP1, SEMA3C, COL11A1, PTN, HDAC9, RXRB, CDC42, IFT74, PAK1, GNG5, LMNA, ERBB2, MAPK1, HES1, MSX1, PCNT, MEF2D, MAPK3, SEC24B, VEGFB, SORBS2, ACTC1, SNX17, TRIP10, BCOR"	2277	603	18082	1.422295636	0.684556917	0.003782214	0.003600909	
GOTERM_BP_ALL	muscle cell differentiation	64	2.480620155	0.061496785	"RB1, THRA, RBPJ, ACTG1, CAPZB, CFL2, FLOT2, QK, KDM6B, EIF5A, MKL2, MBNL1, CXADR, CHUK, MKL1, IFRD1, KRT8, AXIN1, CACNA2D2, CACYBP, ANK2, ALPK3, ASF1A, HDAC4, HDAC5, SMARCD3, PDGFB, TMTC3, PIK3R1, FOXO4, HDAC9, SLC9A1, RXRB, CDC42, CCNB1, PAK1, LMNA, NTF3, ABL1, DMD, HES1, MSX1, NKX2-5, RBM38, HOMER1, DMPK, GLMN, H3F3A, NFATC2, SORBS2, HOPX, NFATC4, SMARCA4, EHD1, BMP4, EHD2, XK, ACTC1, CXCL12, TRIP10, ID3, KRAS, CALR, TCF3"	2277	414	18082	1.22761749	1	0.527315918	0.502038457	
GOTERM_BP_ALL	neuron differentiation	250	9.689922481	7.95E-10	"ATF1, RB1, RPL4, APP, EHMT2, STMN2, RBPJ, SOX21, ACTB, GOLGA2, PREX2, SOX3, PREX1, GOLGA4, SYNGAP1, DPYSL4, HOXA1, QK, EPHB3, EPHA7, SMARCC2, EPHA8, MAP1S, IFRD1, DAPK3, HDGFRP3, ACSL4, RUNX3, MAPK8IP3, TIAM1, SFRP2, FEZ1, KIF20B, ALG10B, OBSL1, H2-D1, GPM6A, UGT8A, FOXG1, PDGFB, KALRN, HIF1A, SNX3, SPAST, MAP2, INPP5E, APOE, PIP5K1C, MAP4, NKX2-5, VASP, JUN, JAG1, FZD2, L1CAM, MANF, NFATC4, EXT1, EHD1, SETX, HNRNPK, PTK7, TDP2, ID3, CALR, FAT4, CDK16, GABRB3, CDKN1C, ARF4, PIGT, TENM4, CRTAC1, ENC1, TSPO, RAB8A, GIT1, NDEL1, TNFRSF12A, MINK1, GFRA1, SIRT1, CIT, GAK, ENAH, VAMP7, CTTN, B3GNT2, MAPT, DBN1, ARF6, NAPA, IGHMBP2, PTN, ADCY6, PAK1, NTF3, MICALL1, CTNNA1, DMD, STX3, NCDN, PAK3, MAP4K4, PAK4, JAM3, FARP1, SF3A2, USP9X, MCF2, STAT3, DAB2IP, VAX1, HIPK2, XK, ABI2, KIF26B, CTNND2, FMR1, CELSR2, CELSR3, PPP1CC, CDH4, STK11, TUBB3, KIF5C, CDH1, KIF5B, PALM, NBN, SZT2, ZFP335, MAP2K2, FBXW8, WNT5B, THOC2, TUG1, UBE2V2, TNIK, ANAPC2, DDX6, CUL7, BHLHB9, UBA6, DTX1, SLC1A3, HTRA2, NREP, EFNB1, BTBD3, DVL1, ABL1, DVL3, OTX2, ECT2, SKIL, ZBTB18, SYT4, HSPA5, SMURF1, BDNF, HPRT, BMP6, FBXO31, EFNA1, BMP4, AHI1, LRFN4, LIN28A, DAB1, CXCL12, CDK5, STK25, LHX2, COPS2, CAPRIN1, FEV, OGN, UST, PLXNB2, CNTN2, TCF3, FGF13, BMPR1B, FGFR3, EIF4G2, PICALM, NFE2L2, EIF4G1, FGFR1, RERE, CNTNAP2, LDB1, LRRK2, PTEN, PPP1R9B, RPGR, EEF2K, CAPZB, ZIC2, CASP3, HMG20B, ZFP280D, CEP290, ZFP280C, MKL2, ACTR2, ADGRV1, DNMT3A, MKL1, AXIN1, PPP2R5D, TGFBR1, ASPM, IMPACT, CREB1, CTDSP1, EVL, SHANK3, CAMK2B, HDAC5, CEBPB, LRP1, SEMA3C, ANKS1, CRMP1, ASAP1, SEMA3F, HDAC9, CDC42, MAPK8, PTPRZ1, CNR1, ERBB2, SLITRK5, HES1, EIF4E, NTRK2, SEC24B, KDM4C, TMEM30A, SEMA4D, LAMB2, NIN, WEE1, VAPA, CARM1, SPRY3, ATXN10, CUL4B"	2277	1379	18082	1.439657476	7.16E-06	6.51E-08	6.20E-08	
GOTERM_BP_ALL	positive regulation of gene expression	307	11.89922481	1.61E-11	"ATF1, RB1, APP, ATF2, CCNH, SERPINE1, CCNC, GABPB1, RBPJ, IKZF2, RPS6KA3, ZFP281, ZXDB, CREB3L1, AKT2, MYC, GPBP1, NAMPT, CREB3L2, CHEK1, MYB, TRIM24, TNFSF11, HOXA1, QK, JUNB, ZFP287, SMARCC2, IFRD1, FOXH1, EBF1, RFX3, ANK2, RUNX3, PRKAB1, HIST2H3B, SFRP2, ZFP292, GUF1, TFAM, PRKD2, MAML3, CTBP2, MAGED1, EIF5A2, PDGFB, TWIST1, PIK3R2, BCL10, PIK3R1, HNRNPLL, HIF1A, PPP3R1, HIST1H3A, PDCD10, HLTF, DHX36, NKX2-5, PPARGC1B, HIST1H3E, SRPK2, JUN, CREBBP, JAG1, FZD2, ZFP516, H3F3A, PDE2A, SETD1A, SMARCA5, FZD8, NFATC2, NR1D2, ELL2, SMARCA4, NFATC4, SETX, MLLT11, HNRNPK, AGO3, AGO1, HNRNPD, CALR, HIST1H4J, CDKN1C, TOP2A, ARF4, PHF2, DAZAP1, ELL, CITED2, HEXB, TCF20, CTCF, BRCA2, ING1, PTMS, MED12, NIPBL, PPP3CB, MED14, MED13, SERP1, GABPA, TEAD2, TEAD4, NCOA6, NCOA3, TFEB, TET1, BAZ1B, SIRT1, TERF2, SREBF2, SIRT2, NCOR2, TOX3, MED25, PAX8, MTF2, CKS2, PPARG, NCOA7, ARHGEF2, RHOQ, SGMS1, DOT1L, RELA, RXRB, BCLAF1, SERTAD1, PLAGL1, HSF2, LMNA, HSF1, NTF3, MSX1, MEF2D, BRD4, MAP3K2, ARNT2, NPM1, BRF1, NFYB, PTGES3, NR1H2, STAT3, DAB2IP, HIPK2, NR6A1, NFIC, CENPK, TCEA1, LIMS1, ICE1, GTF2B, FMR1, NUCKS1, UBE3A, AHR, YY1, CHCHD2, CDH1, SALL4, MEN1, LMO1, ANKRD49, MAP2K2, FBXW11, ZBTB38, THOC1, TSC2, VASH1, GTF2F1, ARMCX3, TBL1XR1, PHIP, KMT2D, DNMT1, ENY2, KHDRBS3, CBFB, KMT2A, TNKS, FOXO4, FOXO1, SLC9A1, RAI1, SBNO2, CCNB1, MED30, DEAF1, SOHLH2, DVL1, DVL3, OTX2, BCL9L, ZBTB17, ZFHX3, POU2F1, CBX3, HSPA4, GLMP, POU2F2, EEF2, SMAD5, BMP6, BMP4, AHI1, CNOT7, LIN28A, SP1, BAMBI, LHX2, FEV, SP3, NFE2L3, CNTN2, TCF3, BMPR1B, EIF4G2, PICALM, NFE2L2, FGFR1, RNF10, CALCOCO1, DDX3X, THRA, LDB1, FOXM1, MYSM1, AFF1, CDC73, CKS1B, RBM3, ZIC2, SNRNP70, ZIC3, MCF2L, SIX2, ZIC1, SUMO2, CEP290, NKX3-1, KDM6A, MKL2, KDM6B, EIF5A, PPP1R12A, CHUK, H2AFZ, DDX58, NCBP2, MKL1, AXIN1, PPP2R5D, TGFBR1, TNFRSF1A, DNAJC3, IMPACT, CREB1, SUPT5, HDAC4, PPP1R15A, HDAC5, PRKAA1, CEBPB, GTF2A2, SMARCD3, SRSF1, CEBPG, LRP5, FOXK1, CDC42, IFT74, MAPK8, POLR2A, TRA2B, ERBB2, TRA2A, GCN1L1, MAPK1, HES1, E2F7, MAPK3, ABCF1, SPEN, NTRK2, KDM4C, CNBP, ARID3A, ARID3B, USF2, ACVR2A, ACTC1, KLF5, RPS6KB1, PAGR1A, CARM1, TAF7, KRAS, NAA15, SSBP2, RBMX, SSBP3, SSBP4, MBTPS2"	2277	1708	18082	1.427361385	1.45E-07	1.79E-09	1.71E-09	
GOTERM_BP_ALL	programmed cell death	310	12.01550388	9.46E-08	"CYFIP2, RB1, APP, ATF2, TRAF3IP2, ARL6IP1, SCT, ITSN1, SERPINE1, RBPJ, NOC2L, TIAL1, RPS6KA3, FAM134B, LGALS3, PNP, SYNGAP1, PPP2R1B, CREB3L1, AKT2, MYC, CHEK1, TRIM24, QK, CHAC1, EPHA7, CSNK2A1, MAP1S, PRKCB, DAPK3, KRT8, ANK2, SIAH1B, RUNX3, NISCH, TIAM1, CFDP1, SFRP2, BEX3, URI1, SET, TMEM161A, MAGED1, CDCA7, TWIST1, BCL10, PIK3R1, HIF1A, MTDH, RHOT1, NUAK2, PDCD10, MICAL1, FIGNL1, TRPM7, APOE, NKX2-5, STX4A, RBM10, PEA15A, BARD1, SRPK2, TRAP1, JUN, PRELID1, DMPK, INTS1, CADM1, DDIAS, GADD45A, RMDN3, SMARCA4, NFATC4, SETX, MLLT11, CYLD, HNRNPK, VNN1, NDUFAF4, WNK3, ANP32E, ID3, ATM, GABRB3, TOP2A, ARF4, ZFP369, PIGT, CITED2, FMN2, IER3IP1, BRCA2, SH3RF1, EDA2R, FASTK, RFK, TRIM2, TIMP3, TSPO, HELLS, TNFRSF12A, SPHK2, NCOA3, SLC39A10, NME4, SIRT1, SIRT2, DDB1, ITPKB, TOX3, PAX8, CTTN, GAS2, G2E3, PPARG, MAPT, ARF6, KANK2, SGMS1, PRUNE2, XIAP, RPS27L, PTN, GRAMD4, RELA, FAM129B, PPP2CA, PPP2CB, PURA, MNT, PAK1, BCLAF1, LMNA, HSF1, NTF3, CTNNA1, MFN2, HS1BP3, MSX1, PAK3, PCNT, MEF2D, MAP4K4, PAK4, BCAP31, ARNT2, NQO1, CASP8AP2, NPM1, MAP3K1, STAT3, DAB2IP, GATAD2A, HIPK2, RYBP, KRT18, STK17B, TRIP10, PKN2, PKN1, TARDBP, YPEL3, GRINA, LIMS1, MTCH1, RTKN, ZFAND6, UBE2D3, CAAP1, IRS2, STK11, DEPTOR, CDH1, ADORA1, NBN, PHLDA3, TGM2, MEN1, THOC1, TICAM1, ATAD3A, RNF41, FKBP8, UBE2V2, PHIP, SRSF6, NOTCH2, RTN3, CUL7, BHLHB9, GLO1, CUL3, HTRA2, FOXO1, SLC9A1, BAG6, FAM188A, BAG4, BAG3, ZMAT3, ZMAT4, ABL1, NAE1, ECT2, SKIL, TIA1, HSPA5, API5, HSPA4, BDNF, TNFRSF9, IGF2R, BMP6, GULP1, HIGD2A, GGCT, EFNA1, BMP4, AHI1, CXCL12, CDK5, STK25, DLG5, STK26, DNAJC10, CYCT, MAP3K10, CYCS, MDM4, GCLM, FGF13, BMPR1B, UBE2K, FGFR3, MYD88, NFE2L2, FGFR1, DYRK2, DDX3X, THRA, LRRK2, PTEN, ECE1, CDC73, PIDD1, EEF2K, ALDH2, CASP3, MYO18A, DNM1L, RBM5, NKX3-1, EIF5A, HSP90AA1, AKTIP, DNMT3A, MKL1, AXIN1, TGFBR1, TNFRSF1A, DNAJC3, ARHGAP10, CREB1, AIM2, RRM2B, TMEM214, IRF3, TRAF3, RASA1, AKT1S1, TMBIM1, C1D, ITGA5, SLC25A5, BIRC2, ITGB3BP, CAMK2B, HDAC4, PPP1R15A, PRKAA1, CEBPB, LRP1, ROCK1, LRP5, UACA, CDC42, CLN3, MAPK8, CNR1, ERBB2, MKNK2, MAPK1, FNIP1, SMNDC1, BUB1, MAPK3, NTRK2, FEM1B, TAF10, EYA3, MEIS3, OXR1, DNAJA1, ACTC1, RPS6KB1, KRAS, CD248, NAA15, LTBR, SYCP3"	2277	1870	18082	1.316447432	8.52E-04	5.29E-06	5.04E-06	
GOTERM_BP_ALL	regulation of cell proliferation	229	8.875968992	0.050851678	"RB1, ATF2, SPARC, TFRC, SERPINE1, RBPJ, IFI30, FGFRL1, TIAL1, LGALS3, PNP, MYC, FTH1, NAMPT, CHEK1, TRIM24, JUNB, TNS2, CER1, CXADR, CSNK2A1, LDOC1, RUNX3, WDR77, TIAM1, RNF126, CFDP1, SFRP2, PRKD2, KIF20B, MAGED1, FOXG1, EIF5A2, PDGFB, CDCA7, TWIST1, PIK3R1, HIF1A, PDCD10, APOE, NKX2-5, RREB1, STX4A, RBM10, S100A11, SRPK2, JUN, JAG1, JUP, ERDR1, SETD1A, NFATC2, SMARCA4, AGO3, NDUFAF4, ACER3, ATM, CALR, CDKN1C, PTPRU, RIAN, ADK, ARHGAP5, BRCA2, ING1, N4BP2L2, TSPO, CNOT6L, SPHK2, NCOA3, TET1, SLC39A10, SIRT1, SIRT2, GAK, MED25, PPARG, CACUL1, HBEGF, KANK2, ZFP703, DOT1L, DERL2, PTN, RELA, PURA, PAK1, NRAS, RNF139, LMNA, HSF1, NTF3, CTNNA1, MFN2, MSX1, STX3, SUZ12, ARNT2, NPM1, STAT3, RPA1, VEGFB, DAB2IP, VEGFC, SYNJ2BP, VAX1, PODN, HIPK2, RPA3, PKN1, HSPA1A, LIMS1, RTKN2, IRS2, AHR, CDH5, STK11, CCND1, CDH1, ADORA1, HIST1H2AD, NBN, HIST1H2AC, TGM2, MEN1, LMO1, TPD52, MORC3, ZFP335, TSC2, CYBA, VASH1, TICAM1, RNF41, PHIP, IL6ST, SRSF6, MAD1L1, NOTCH2, KMT2D, RNASEH2B, DNMT1, KMT2A, CHRNA7, CHRD, FBLN1, FOXO4, FOXO1, BAG6, EFNB1, CCNB1, DEAF1, TMEM127, NACC1, SMYD2, ABL1, MARK4, CHTOP, BDNF, FANCL, TNFRSF9, IDH2, GLMN, BMP6, CHERP, BMP4, CNOT7, LIN28A, CXCL12, BAMBI, FGFR1OP, MDM4, TCF3, BMPR1B, FGFR3, MYD88, FGFR1, TRIM71, RNF10, LRRK2, PTEN, FOXM1, CDC73, PPP1R9B, UFL1, CASP3, SIX2, NKX3-1, EIF5A, 4930503L19RIK, AXIN2, TGFBR1, PTBP2, TNFRSF1A, ASPM, CREB1, RASA1, NDUFS4, SLC25A5, HDAC4, HDAC5, PRKAA1, CEBPB, SMARCD3, LRP5, C330027C09RIK, CDC42, TBRG1, IFT74, MAPK8, PTPRZ1, GNG5, HLX, ERBB2, MAPK1, HES1, FBRS, E2F7, GADD45GIP1, NTRK2, KDM4C, CNBP, KLF5, RPS6KB1, CARM1, KRAS, CD248, LTBR, SSBP3"	2277	1642	18082	1.107505174	1	0.462437254	0.440269822	
GOTERM_BP_ALL	regulation of neurogenesis	153	5.930232558	5.23E-07	"RPL4, ATF1, APP, FMR1, STMN2, RBPJ, SOX21, GOLGA2, PREX1, SOX3, CDH4, STK11, GOLGA4, SYNGAP1, CDH1, MYC, PALM, QK, NBN, EPHB3, EPHA7, ZFP335, MAP2K2, FBXW8, IFRD1, THOC2, MAPK8IP3, TIAM1, SFRP2, FEZ1, UBE2V2, TNIK, KIF20B, IL6ST, OBSL1, H2-D1, ANAPC2, DDX6, CUL7, BHLHB9, FOXG1, DTX1, NREP, KALRN, HIF1A, SNX3, MAP2, INPP5E, DVL1, ABL1, APOE, ECT2, NKX2-5, SKIL, SYT4, ZFHX3, JAG1, HSPA5, SMURF1, BDNF, IDH2, L1CAM, BMP6, FBXO31, NFATC4, EFNA1, BMP4, SETX, AHI1, HNRNPK, DAB1, CXCL12, LIN28A, CDK5, RHEB, PTK7, STK25, CAPRIN1, UST, PLXNB2, CNTN2, CALR, TCF3, FGF13, FGFR3, EIF4G2, EIF4G1, FGFR1, NFE2L2, RNF10, TENM4, LRRK2, PTEN, UFL1, EEF2K, ENC1, TSPO, HMG20B, NDEL1, ZCCHC24, ACTR2, TNFRSF12A, PPP2R5D, SIRT1, SIRT2, CIT, GAK, ASPM, IMPACT, CREB1, VAMP7, CTTN, CTDSP1, PPARG, MAPT, ARHGEF2, SHANK3, DBN1, ARF6, CAMK2B, SMARCD3, LRP1, SEMA3C, CRMP1, ASAP1, PTN, SEMA3F, RELA, ADCY6, PAK1, MAPK8, PTPRZ1, CNR1, NTF3, CTNNA1, DMD, HES1, PAK3, EIF4E, MAP4K4, SPEN, NTRK2, KDM4C, TMEM30A, SF3A2, SEMA4D, STAT3, DAB2IP, VEGFC, VAX1, NIN, XK, CARM1"	2277	824	18082	1.474509766	0.004703634	2.51E-05	2.39E-05	
GOTERM_BP_ALL	"regulation of transcription, DNA-templated"	667	25.85271318	5.27E-37	"RB1, ATF1, ATF2, TRRAP, EHMT2, GABPB1, RBPJ, NOC2L, SOX21, ZFP281, ZFP160, AKT2, MYC, ZXDB, CREB3L1, MYB, GPBP1, NAMPT, CREB3L2, GM10324, HOXA1, ZFP282, JUNB, ZFP287, TSPYL2, CSNK2A1, PRKCB, DAPK3, RFX3, WDR75, SND1, MED7, WDR77, DEPDC1A, ZFP292, EWSR1, TBPL1, A630089N07RIK, PRKD2, MAML3, CGGBP1, ASF1A, URI1, SET, CTBP2, FLII, PDGFB, CDCA7, BAZ2A, BCL10, HIF1A, MTDH, PPP3R1, NKX2-5, RREB1, ZBTB7A, PPARGC1B, MCTS1, JUN, CREBBP, JAG1, FZD2, JUP, MTERF3, SETD1B, SNAI3, SETD1A, H3F3A, FZD8, LARP7, NFATC2, NR1D2, REX2, ELL2, NFATC4, THAP11, MLLT11, SETX, CYLD, HNRNPK, PKIA, AGO1, HNRNPD, GTF2IRD1, CDKN1C, PHF2, ARF4, ZFP369, ZFP367, ELL, TCF25, HEXB, ATF7IP2, TCF20, CTCF, PHF6, ING1, MED15, HIST2H2AC, TRIM8, MED12, MED14, NIPBL, MED13, ZFP120, TEAD2, ZIK1, TEAD4, BRD3, HELLS, BRD2, CNOT6L, TET1, BAZ1B, SIRT1, SIRT2, NCOR2, RNF168, RIPPLY1, PHF20L1, MED25, PAX8, AEBP2, TAL2, MTF2, CKS2, ZFP493, PPARG, CACTIN, MDFI, KANK2, CRB2, AU041133, GPS2, BCLAF1, MIRLET7F-1, PLAGL1, NTF3, ZFP141, ZIM1, DMD, SRSF10, MEF2D, ZFP386, BRD4, CASP8AP2, PCGF6, BRF1, USP9X, NR1H2, STAT3, DAB2IP, WWP1, GTF2H2, ELP4, GTF2H4, GATAD2B, AI987944, GATAD2A, HIPK2, FOXR2, GM3604, RYBP, NFIC, CENPK, RLIM, ZFP273, EU599041, PKN2, PKN1, ZFP276, LIMS1, ZFP275, ZFP568, ZFP445, GM14403, GTF2B, CTNND2, AHR, BZW1, ZFP119A, ZFP119B, YY1, FOXQ1, YY2, CDH1, SALL4, ZFP37, ZFP442, MEN1, ZFP458, TLE3, ZFP456, ZFP335, ANKRD49, MAP2K2, ZBTB38, ZFP459, GTF3A, THOC1, ZBTB33, TICAM1, FOXP4, LEMD3, GTF2F1, LEMD2, RNF41, ARMCX3, HIC2, LOC101056073, ZFP40, HAT1, FKBP8, PHIP, NOTCH2, KMT2D, GM13212, DNMT1, ENY2, DLX3, KHDRBS3, ZFP345, INO80D, CBFB, KMT2A, TNKS, ZFP229, GLO1, CUL3, KMT2B, CHRD, ZFP60, FOXO4, KRBA1, FOXO1, SLC9A1, ATXN3, SBNO2, ZFP58, MED30, ZFP52, ZFP51, DDRGK1, ZFP54, DVL1, NACC1, ZFP53, ABL1, SMYD2, SAFB2, DVL3, E4F1, SKIL, ZBTB18, ZBTB17, DR1, CHTOP, ZBTB14, RBPMS, BDNF, GLMP, ZFP72, HOPX, ZFP322A, IRAK1BP1, GON4L, CNOT7, YEATS2, CDK5, ZFP62, SP1, LHX2, SP4, ZFP65, COPS2, SP3, CNOT3, ZFP472, 0610009B22RIK, NFE2L3, MAP3K10, ZFP592, SP8, MAFK, MDM4, ZFP597, MYD88, NFE2L2, GM14322, RNF10, CALCOCO1, ZFP763, 6720489N17RIK, ZFP81, PTEN, FAM208A, FOXM1, CDC73, VPS72, SUMO2, HMG20B, ZFP882, CEP290, ZFP760, NKX3-1, ZFP777, ZFP534, PPP1R12A, CHUK, DNMT3A, TFIP11, EDF1, TNFRSF1A, ZFP780B, IMPACT, ZFP85, TRAF3, POLR1A, CTDSP1, SUPT5, C1D, POLR1D, LCORL, ZFP771, BIRC2, ZFP770, ZFP788, PPP1R15A, HDAC4, GTF2A1, HDAC5, PRKAA1, CEBPB, GTF2A2, ZFP664, SMARCD3, ZFP422, CEBPG, 5730507C01RIK, LRP5, FOXK1, MLLT1, ZBTB44, HDAC9, ZBTB41, HDAC7, RBBP4, DNAJB5, ELMSAN1, CCDC85B, ZFP97, GCN1L1, FNIP1, E2F7, MLXIP, ZFP433, SEMA4D, MGA, CNBP, PNRC2, ZFP354A, KLF5, PAGR1A, ASXL3, POLR3F, TRIM37, BCOR, ZFP553, TRIM33, GM14124, ZFP600, APP, CCNH, KEAP1, CCNC, ZFP606, IKZF2, AW146154, 2610044O15RIK8, RPS6KA3, SOX3, DPF1, CHEK1, TRIM24, TNFSF11, DPF3, TRIM26, ZFP960, CER1, TMPO, SMARCC2, GM14139, ZFP979, ZFP2, ZFP976, IFRD1, FOXH1, PTOV1, EBF1, ZFP738, ZFP617, GM20939, RUNX3, HIST2H3B, SFRP2, SUB1, TFAM, TAGLN3, PLPP3, ZFP850, ZFP865, ZFP985, ZFP984, ZFP748, MAGED1, ZFP626, ZFP868, IGSF1, FOXG1, ZFP987, TWIST1, PIK3R2, PIK3R1, NLK, COMMD8, HIST1H3A, MIER2, HLTF, DHX36, MIER1, TNRC18, HIVEP2, ZFP982, ZFP981, RBM10, SCAI, ZFP980, HIST1H3E, ZFP995, ZFP994, ZFP873, ZFP759, ZFP638, ZFP516, ZFP758, SLC33A1, PDE2A, SMARCA5, SMARCA4, ZBTB6, ID3, CALR, HIST1H4J, ZFP871, ZFP992, RCOR1, TOP2A, SUV39H2, GM5141, CITED2, SUV39H1, NKAP, ZCCHC18, BRCA2, N4BP2L2, EDA2R, ZFP808, PPP3CB, XPO1, ZMYM2, ZFP874B, ZFP874A, GABPA, ZFP931, ZFP930, TSC22D4, ZFP935, NCOA6, ZFP934, NCOA3, ZFP811, ZFP932, TFEB, ZFP938, ZFP937, PPHLN1, ZFX, SREBF2, MLF1, GM14295, COMMD5, TOX3, CSDE1, NCOA7, ARHGEF2, RHOQ, ZFP942, ZFP941, ZFP820, PCNA, RAMP3, ZFP946, ZFP825, ZFP703, ZFP945, ZFP944, DOT1L, ZFP943, IGHMBP2, ZFP708, TXLNG, ZFP706, ZFP947, RELA, ZFP709, PPP2CA, RXRB, PURA, MNT, RBM15B, SERTAD1, HSF2, HSF1, LMNA, MSX1, ZFP953, SUZ12, MAP3K2, ARNT2, NPM1, ZFP950, MYEF2, NFYB, ZFP712, ZFP719, ZFP959, ZFP958, VAX1, PEX14, NR6A1, HNRNPA2B1, TCEA1, TARDBP, ZFP26, TXN1, ZFP729A, ICE1, KDM1B, NUCKS1, UBE3A, ZFP729B, CELSR2, CHCHD2, CCND1, BASP1, HIST1H2AD, HIST1H2AC, LMO1, HIST1H2AL, FBXW11, TSC2, ARID5B, HNRNPUL1, TBL1XR1, LRIF1, ABCG1, CALCA, CACNA1D, RAI1, DEAF1, SOHLH2, OTX2, RPRD1A, BCL9L, ZFHX3, CBX5, POU2F1, SMURF1, CBX3, POU2F2, SMAD5, ZFHX4, BMP6, SMAD7, EFNA1, BMP4, AHI1, LIN28B, LIN28A, BAMBI, FEV, TCF3, BMPR1B, FGFR3, PICALM, FGFR1, RERE, PHTF2, DDX3X, THRA, LDB1, ZFP955A, CTDSPL2, MYSM1, 4930447C04RIK, PHTF1, AFF1, CKS1B, UFL1, YWHAQ, ZIC2, ZIC3, SNAPC2, MCF2L, SIX2, ZIC1, ZFP280D, ZFP280C, HIST1H1C, MKL2, KDM6B, EED, H2AFZ, DDX58, MKL1, AXIN1, PPP2R5D, AXIN2, ZFP518A, TGFBR1, CREB1, AIM2, IRF3, PFDN5, ITGB3BP, SFSWAP, VPRBP, RNF2, IFT74, TAF1D, MAPK8, HLX, ERBB2, MAPK1, HES1, MAPK3, SPEN, RBM39, KDM4C, TAF10, EYA3, ARID3A, ARID3B, DEK, MEIS3, USF2, ACVR2A, CARM1, TAF7, KRAS, TAF6, NAA15, SSBP2, RBMX, SSBP3, SSBP4, MBTPS2"	2277	3449	18082	1.535734263	4.75E-33	1.49E-34	1.41E-34	
GOTERM_BP_ALL	skeletal system development	74	2.868217054	0.092555287	"CDKN1C, SPARC, THRA, CITED2, HEXB, ZFAND5, LRRK1, FGFRL1, MED12, NDST1, LGALS3, NIPBL, SERP1, MYC, SIX2, CREB3L2, ZIC1, TNFSF11, PLS3, HOXA1, CER1, MEN1, COL27A1, WNT5B, AXIN1, ARID5B, P3H1, AXIN2, RUNX3, TGFBR1, RIPPLY1, SFRP2, MMP16, IMPAD1, SIK3, PPIB, MDFI, HDAC4, COL13A1, COL11A1, ANKRD11, LRP5, CHRD, TWIST1, SLC38A10, HIF1A, RELA, RAI1, DEAF1, MSX1, ZBTB7A, MEF2D, WASF2, PPARGC1B, MAPK3, ZFP950, SEMA4D, CADM1, PLEKHA1, MEX3C, SMAD5, BMP6, ACVR2A, EXT1, BMP4, MFSD7B, SP1, CARM1, SP3, 0610009B22RIK, FAT4, BMPR1B, FGFR3, FGFR1"	2277	499	18082	1.177645585	1	0.673381754	0.641102469	
GOTERM_BP_ALL	"transcription, DNA-templated"	559	21.66666667	2.28E-21	"RB1, ATF1, ATF2, TRRAP, EHMT2, GABPB1, RBPJ, NOC2L, SOX21, ZFP281, AKT2, MYC, ZXDB, CREB3L1, MYB, GPBP1, NAMPT, CREB3L2, HOXA1, JUNB, ZFP287, TSPYL2, CSNK2A1, PRKCB, DAPK3, RFX3, WDR75, SND1, MED7, WDR77, DEPDC1A, ZFP292, EWSR1, TBPL1, PRKD2, MAML3, ZSCAN25, CGGBP1, ASF1A, URI1, SET, CTBP2, FLII, PDGFB, CDCA7, BAZ2A, BCL10, HIF1A, MTDH, PPP3R1, NKX2-5, RREB1, ZBTB7A, PPARGC1B, MCTS1, JUN, CREBBP, JAG1, FZD2, JUP, MTERF3, SETD1B, SNAI3, SETD1A, H3F3A, FZD8, LARP7, NFATC2, NR1D2, ELL2, NFATC4, THAP11, MLLT11, SETX, CYLD, HNRNPK, PKIA, AGO1, HNRNPD, GTF2IRD1, CDKN1C, PHF2, ARF4, ZFP369, ZFP367, ELL, TCF25, HEXB, ATF7IP2, TCF20, CTCF, PHF6, ING1, MED15, HIST2H2AC, TRIM8, MED12, MED14, NIPBL, MED13, SPIN1, ZFP120, TEAD2, ZIK1, TEAD4, BRD3, HELLS, BRD2, CNOT6L, TET1, BAZ1B, SIRT1, SIRT2, NCOR2, RNF168, RIPPLY1, MED25, PAX8, AEBP2, TAL2, MTF2, CKS2, PPARG, CACTIN, MDFI, KANK2, CRB2, RNASEK, GPS2, BCLAF1, MIRLET7F-1, PLAGL1, NTF3, MEF2D, ZFP386, BRD4, CASP8AP2, PCGF6, BRF1, USP9X, NR1H2, STAT3, DAB2IP, WWP1, GTF2H2, ELP4, GTF2H4, SCAF1, GATAD2B, GATAD2A, HIPK2, FOXR2, XAB2, RYBP, NFIC, CENPK, RLIM, PKN2, PKN1, ZFP397, ZFP276, LIMS1, ZFP568, ZFP445, GTF2B, CTNND2, AHR, BZW1, YY1, FOXQ1, YY2, CDH1, SALL4, ZFP37, MEN1, TLE3, ZFP335, ANKRD49, MAP2K2, ZBTB38, GTF3A, THOC1, ZBTB33, POLRMT, TICAM1, FOXP4, LEMD3, GTF2F1, LEMD2, THOC7, RNF41, ARMCX3, HIC2, HAT1, FKBP8, PHIP, NOTCH2, KMT2D, DNMT1, ENY2, KHDRBS3, INO80D, CBFB, KMT2A, TNKS, GLO1, CUL3, KMT2B, CHRD, FOXO4, FOXO1, SLC9A1, ATXN3, SBNO2, ZFP58, MED30, DDRGK1, DVL1, NACC1, ZKSCAN8, ABL1, SMYD2, SAFB2, DVL3, E4F1, SKIL, ZBTB18, ZBTB17, DR1, CHTOP, ZBTB14, RBPMS, BDNF, GLMP, HOPX, ZFP322A, IRAK1BP1, GON4L, CNOT7, YEATS2, CDK5, ZFP62, SP1, LHX2, SP4, COPS2, SP3, CNOT3, 0610009B22RIK, NFE2L3, MAP3K10, ZFP592, SP8, MAFK, MDM4, MYD88, NFE2L2, RNF10, CALCOCO1, PTEN, FAM208A, FOXM1, CDC73, VPS72, SUMO2, HMG20B, CEP290, NKX3-1, PPP1R12A, CHUK, DNMT3A, EDF1, TNFRSF1A, IMPACT, TRAF3, POLR1A, CTDSP1, SUPT5, C1D, POLR1D, LCORL, ZFP771, BIRC2, ZFP770, GTF3C1, PPP1R15A, HDAC4, GTF2A1, HDAC5, PRKAA1, CEBPB, GTF2A2, ZFP664, SMARCD3, ZFP422, CEBPG, LRP5, FOXK1, ZBTB44, HDAC9, ZBTB41, HDAC7, RBBP4, POLR2A, DNAJB5, ELMSAN1, CCDC85B, POLR2C, GCN1L1, POLR2E, FNIP1, E2F7, MLXIP, SEMA4D, MGA, CNBP, PNRC2, ZFP354A, KLF5, PAGR1A, ASXL3, POLR3F, TRIM37, BCOR, ZFP553, POLR3K, TRIM33, APP, CCNH, KEAP1, CCNC, IKZF2, RPS6KA3, SOX3, DPF1, CHEK1, TRIM24, TNFSF11, DPF3, TRIM26, CER1, SMARCC2, ZFP2, IFRD1, FOXH1, PTOV1, EBF1, RUNX3, HIST2H3B, SFRP2, SUB1, TFAM, TAGLN3, PLPP3, ZFP865, ZFP748, MAGED1, FOXG1, TWIST1, PIK3R2, PIK3R1, NLK, COMMD8, HIST1H3A, MIER2, HLTF, DHX36, MIER1, TNRC18, HIVEP2, RBM10, SCAI, HIST1H3E, ZFP638, ZFP516, SLC33A1, PDE2A, SMARCA5, SMARCA4, ZBTB6, ID3, CALR, HIST1H4J, RCOR1, TOP2A, SUV39H2, CITED2, SUV39H1, NKAP, ZCCHC18, BRCA2, N4BP2L2, EDA2R, PPP3CB, XPO1, ZMYM2, PCF11, GABPA, TSC22D4, NCOA6, NCOA3, ZFP932, TFEB, PPHLN1, ZFX, SREBF2, MLF1, COMMD5, TOX3, NCOA7, ARHGEF2, RHOQ, PCNA, RAMP3, ZFP703, PRIM1, DOT1L, IGHMBP2, TXLNG, ZFP706, RELA, PPP2CA, RXRB, PURA, MNT, RBM15B, SERTAD1, HSF2, HSF1, TWISTNB, LMNA, MSX1, SUZ12, MAP3K2, ARNT2, NPM1, MYEF2, NFYB, VAX1, PEX14, NR6A1, HNRNPA2B1, TCEA1, TARDBP, TXN1, ICE1, KDM1B, NUCKS1, UBE3A, PHRF1, CHCHD2, CCND1, BASP1, HIST1H2AD, HIST1H2AC, LMO1, HIST1H2AL, FBXW11, TSC2, ARID5B, COL4A2, HNRNPUL1, TBL1XR1, LRIF1, CALCA, CACNA1D, RAI1, DEAF1, SOHLH2, OTX2, RPRD1A, BCL9L, ZFHX3, CBX5, POU2F1, SMURF1, CBX3, POU2F2, SMAD5, ZFHX4, BMP6, SMAD7, EFNA1, BMP4, AHI1, BAMBI, FEV, TCF3, BMPR1B, FGFR3, PICALM, FGFR1, RERE, PHTF2, DDX3X, THRA, LDB1, CTDSPL2, MYSM1, 4930447C04RIK, PHTF1, AFF1, CKS1B, UFL1, YWHAQ, ZIC2, ZIC3, SNAPC2, MCF2L, SIX2, ZIC1, ZFP280D, ZFP280C, HIST1H1C, MKL2, KDM6B, EED, H2AFZ, DDX58, MKL1, AXIN1, PPP2R5D, ZFP518A, TGFBR1, CREB1, AIM2, IRF3, PFDN5, ITGB3BP, SFSWAP, VPRBP, RNF2, IFT74, TAF1D, HLX, ERBB2, MAPK1, HES1, MAPK3, SPEN, RBM39, KDM4C, TAF10, EYA3, ARID3A, ARID3B, DEK, USF2, ACVR2A, CARM1, TAF7, KRAS, TAF6, NAA15, SSBP2, RBMX, SSBP3, SSBP4, MBTPS2"	2277	3129	18082	1.418697094	2.06E-17	4.47E-19	4.26E-19	
KEGG_PATHWAY	MAPK signaling pathway	53	2.054263566	1.28E-04	"ATF2, RPS6KA3, PPP3CB, AKT2, MYC, CASP3, MAP3K4, MAP2K2, CHUK, PRKCB, CACNA2D2, MAPK8IP3, TGFBR1, TNFRSF1A, CACNB2, CACNB3, RASA1, RASA2, MAPT, CRK, PDGFB, CACNA1B, CACNA1D, NLK, RASGRP1, RELA, RAP1B, CDC42, CACNG7, NRAS, PAK1, MAPK8, PPP3R1, NTF3, MKNK2, GNA12, MAPK1, MAP4K4, MAPK3, MAP3K2, NTRK2, JUN, MAP3K1, GADD45A, BDNF, FGF14, TAOK3, TAOK2, KRAS, FGF13, FGFR3, HSPA1A, FGFR1"	962	251	7691	1.688145547	0.034817637	0.003556433	0.002721891	
KEGG_PATHWAY	TGF-beta signaling pathway	22	0.852713178	0.001427618	"CREBBP, ROCK1, SMURF1, CHRD, SMAD5, BMP6, TGFBR1, ACVR2A, SMAD7, PPP2CA, BMP4, PPP2CB, PPP2R1B, RPS6KB1, SP1, BAMBI, MYC, MAPK1, ID3, BMPR1B, SKP1A, MAPK3"	962	85	7691	2.069242999	0.325850997	0.014123222	0.010809108	
